,algorithm,machine,psize,model,parameters,crossValid,-2l,AIC,CAIC,BIC,HQIC,infTime.mean
0,dijkstra,lasdpc,10M,Gamma,1.85271653705258 0.0971249127676187,-322.559739748392,-1619.3051352312698,-1615.3051352312698,-1615.29309912294,-1611.5745562956101,-1605.48962467331,0.108454545453159
1,dijkstra,lasdpc,10M,Weibull,1.3750501784043 0.19807164188836,-315.824273751189,-1583.15192333582,-1579.15192333582,-1579.13988722749,-1575.4213444001502,-1569.33641277785,0.0598947368401385
2,dijkstra,lasdpc,10M,Normal,0.179947519371974 0.140974264441494,-214.364893582536,-1080.48826661725,-1076.48826661725,-1076.47623050893,-1072.75768768159,-1066.67275605929,0.012333333332207999
3,dijkstra,lasdpc,10M,T.Normal,-0.0631739107318979 0.252236662894462,-299.67921723775504,-1502.50489190839,-1498.50489190839,-1498.4928558000597,-1494.77431297272,-1488.68938135042,0.0402222222215237
4,dijkstra,lasdpc,10M,Lognormal,-2.00856703929631 0.801379204830152,-322.973013447766,-1622.0990814673498,-1618.0990814673498,-1618.08704535903,-1614.36850253169,-1608.28357090939,0.0128888888915147
5,dijkstra,lasdpc,10M,OLL-GG,0.0195069852890552 0.688568550847397 4.30382233908557 0.899035853851589,-327.07910943880904,-1638.05941876932,-1630.05941876932,-1630.0192177643,-1622.5982608979998,-1610.4283976534,1.73825000000124
6,dijkstra,lasdpc,10M,Kw-CWG,1 0.586728471395226 17.7235390496211 5.39330004139009 1.65782743569534,-328.003095305136,-1639.44101479326,-1629.44101479326,-1629.38065262022,-1620.1145674540899,-1604.9022383983402,36.166357792501
7,dijkstra,lasdpc,10M,G.Gamma,0.0214862351924794 0.664807658168827 3.86228610174368,-326.291868809348,-1637.5964664776998,-1631.5964664776998,-1631.5723700921499,-1626.0005980742,-1616.8732006407502,0.16248148148103303
8,dijkstra,lasdpc,10M,E.Weibull,0.720378891014841 0.0590131582786103 4.12942901782652,-327.404914757676,-1640.6351664057001,-1634.6351664057001,-1634.61107002016,-1629.0392980022,-1619.91190056875,0.259259259259798
0,dijkstra,halley,500K,Gamma,1.52759913920817 0.00299261636123588,-1777.8516436715197,-8889.3361778532,-8885.3361778532,-8885.324141744879,-8881.60559891754,-8875.52066729524,0.132999999997992
1,dijkstra,halley,500K,Weibull,1.19676013702854 0.00486451001480119,-1767.8639844068698,-8844.91451072834,-8840.91451072834,-8840.90247462001,-8837.183931792672,-8831.09900017037,0.076500000001397
2,dijkstra,halley,500K,Normal,0.00452733306814657 0.00454834751830554,-1587.9816954995001,-7949.10552314288,-7945.10552314288,-7945.09348703455,-7941.374944207209,-7935.29001258491,0.0279999999992368
3,dijkstra,halley,500K,T.Normal,-0.30523094006163 0.0380257061883883,-1806.0318059307397,-9030.13928871263,-9026.13928871263,-9026.127252604309,-9022.40870977697,-9016.32377815467,0.239111111111318
4,dijkstra,halley,500K,Lognormal,-5.76143033277216 0.855859318824267,-1798.12650902168,-8996.283890045821,-8992.283890045821,-8992.2718539375,-8988.55331111016,-8982.468379487858,0.0162222222231018
5,dijkstra,halley,500K,OLL-GG,0.381438674109999 0.113102970899669 0.883749779938991 13.8014879764364,-1789.48842423186,-8950.95641059101,-8942.95641059101,-8942.916209585981,-8935.49525271968,-8923.32538947508,1.16350000000148
6,dijkstra,halley,500K,Kw-CWG,1 0.246652766355856 254.033086616933 8.68556029624823 43.6501984853028,-1784.18600034103,-8924.64316870781,-8914.64316870781,-8914.58280653478,-8905.31672136865,-8890.1043923129,30.30046782180623
7,dijkstra,halley,500K,G.Gamma,0.00257299060619719 0.89409036440367 1.6370249440981,-1779.6320339082602,-8898.16016954131,-8892.16016954131,-8892.13607315577,-8886.56430113782,-8877.43690370437,0.122925925925503
8,dijkstra,halley,500K,E.Weibull,0.74453831344877 0.00209248449387463 2.95663840295846,-1786.59988137543,-8932.99940687716,-8926.99940687716,-8926.97531049162,-8921.40353847367,-8912.27614104022,0.221629629631126
0,dijkstra,halley,10M,Gamma,6.01925964587744 0.0148701118473704,-780.3384164591181,-3906.7270986039202,-3902.7270986039202,-3902.71506249559,-3898.99651966825,-3892.91158804595,0.10380000000101701
1,dijkstra,halley,10M,Weibull,2.43141573418133 0.1007924744631,-753.779942383095,-3776.87507595615,-3772.87507595615,-3772.8630398478294,-3769.1444970204902,-3763.0595653981895,0.061368421050964996
2,dijkstra,halley,10M,Normal,0.0893146510727444 0.038305176135216,-736.34109927327,-3686.49323424008,-3682.49323424008,-3682.4811981317603,-3678.76265530442,-3672.6777236821204,0.0166666666676368
3,dijkstra,halley,10M,T.Normal,0.0878790778951694 0.0399462019351112,-739.442319060003,-3709.7829812793702,-3705.7829812793702,-3705.7709451710402,-3702.0524023437,-3695.9674707214003,0.0556666666654766
4,dijkstra,halley,10M,Lognormal,-2.50064732044102 0.421073209712712,-776.7265645830271,-3893.31458538507,-3889.31458538507,-3889.30254927674,-3885.5840064494,-3879.4990748271002,0.0162222222214849
5,dijkstra,halley,10M,OLL-GG,0.0937544732276807 0.109527206315355 1.2985455090335 23.6369764360764,-783.9191167488541,-3920.9916889091496,-3912.9916889091496,-3912.9514879041203,-3905.5305310378203,-3893.3606677932203,1.53549999999632
6,dijkstra,halley,10M,Kw-CWG,0.0414987283833789 1.10219682004901 71.8892388179559 3.50373958730449 0.276665116185051,-520.596761908724,-3980.4170806730895,-3970.4170806730895,-3970.3567185000607,-3961.0906333339294,-3945.8783042781797,39.170709325850055
7,dijkstra,halley,10M,G.Gamma,0.0199267539610521 1.08436824731287 5.13753563581025,-779.6068068247749,-3902.63280574312,-3896.63280574312,-3896.6087093575798,-3891.0369373396297,-3881.90953990618,0.16622222222213198
8,dijkstra,halley,10M,E.Weibull,1.06536237180322 0.0345123460771529 8.39286997884062,-778.838054349767,-3929.9014831631102,-3923.9014831631102,-3923.8773867775603,-3918.30561475961,-3909.1782173261604,0.303740740740775
0,dijkstra,andromeda,500K,Gamma,20 0.00059381522237646,-1796.4451375538501,-8982.22568776925,-8978.22568776925,-8978.21365166092,-8974.495108833578,-8968.410177211279,0.0841333333315561
1,dijkstra,andromeda,500K,Weibull,5.12668383003143 0.0128627189583308,-1819.13350997677,-9095.87772703972,-9091.87772703972,-9091.8656909314,-9088.147148104059,-9082.06221648176,0.0754000000015367
2,dijkstra,andromeda,500K,Normal,0.0118763044475292 0.00246733788011292,-1833.40676467651,-9172.35391538468,-9168.35391538468,-9168.34187927636,-9164.623336449009,-9158.53840482672,0.0248888888874919
3,dijkstra,andromeda,500K,T.Normal,0.0118763044475292 0.00246733788011292,-1834.44222522332,-9172.3553991628,-9168.3553991628,-9168.34336305448,-9164.624820227142,-9158.53988860484,0.13555555555891902
4,dijkstra,andromeda,500K,Lognormal,-4.46041316724327 0.275581775564293,-1690.85181974392,-8660.69520455801,-8656.69520455801,-8656.683168449692,-8652.96462562235,-8646.87969400005,0.0361111111107877
5,dijkstra,andromeda,500K,OLL-GG,0.0140554550307398 2.57687115685335 0.94451902289367 2.35342756109871,-1830.1632916779001,-9152.35994665431,-9144.35994665431,-9144.31974564929,-9136.898788782979,-9124.72892553838,1.13343749999785
6,dijkstra,andromeda,500K,Kw-CWG,0.142390491011617 0.767843364244488 205.28271842401 5.74669233167544 50.3361401438711,-1818.3888724851397,-9132.463915222941,-9122.463915222941,-9122.4035530499,-9113.13746788378,-9097.92513882803,33.22199192514878
7,dijkstra,andromeda,500K,G.Gamma,0.0109087114886967 3.82299609212926 1.73042219488322,-1823.5145218508499,-9117.57260925427,-9111.57260925427,-9111.548512868729,-9105.97674085077,-9096.84934341732,0.146481481480468
8,dijkstra,andromeda,500K,E.Weibull,3.76318663807416 0.0113414491912321 1.90378287213847,-1824.1082747910102,-9121.25398928059,-9115.25398928059,-9115.22989289505,-9109.6581208771,-9100.53072344365,0.24785185185276198
0,sqldbHD,andromeda,1500,Gamma,9.19770875080997 0.372945314746323,605.936437394097,3009.63182557176,3013.63182557176,3013.64386168008,3017.3624045074203,3023.44733612972,0.0431333333379977
1,sqldbHD,andromeda,1500,Weibull,2.12381764854963 3.81192363020136,736.497093558081,3531.3596622056702,3535.3596622056702,3535.37169831399,3539.09024114133,3545.1751727636297,0.0418095238093797
2,sqldbHD,andromeda,1500,Normal,3.43023647600124 1.50879957702991,769.610999949247,3660.5050888272203,3664.5050888272203,3664.51712493555,3668.23566776289,3674.32059938519,0.00322222222489977
3,sqldbHD,andromeda,1500,T.Normal,3.36283311344698 1.58356691324005,904.6968468537599,3632.85562792728,3636.85562792728,3636.8676640356,3640.58620686294,3646.6711384852397,0.0170000000054845
4,sqldbHD,andromeda,1500,Lognormal,1.17728828736391 0.335560818767753,606.323944648331,3008.5461465638105,3012.5461465638105,3012.55818267213,3016.27672549947,3022.36165712177,0.00722222222248092
5,sqldbHD,andromeda,1500,OLL-GG,5.77196122442953 0.272405743047328 1.16866070818732 14.4801768321977,1140.83093948493,2782.5342273886304,2790.5342273886304,2790.57442839365,2797.99538525995,2810.16524850455,1.35887499999899
6,sqldbHD,andromeda,1500,Kw-CWG,0.00876051486347307 0.679549502479976 4.05181705407342 3.01628632221847 1.31727109025935,565.434184824757,2819.16236711437,2829.16236711437,2829.2227292874104,2838.4888144535303,2853.70114350928,1.5106112509544052
7,sqldbHD,andromeda,1500,G.Gamma,0.0401650381166795 0.677778989219921 20.1365145673866,600.2619625854451,2973.5986869843105,2979.5986869843105,2979.62278336985,2985.1945553878004,2994.32195282125,0.140740740738693
8,sqldbHD,andromeda,1500,E.Weibull,1.16993100771603 1.32671015231446 11.9830571569453,621.9600443726409,2969.31515839666,2975.31515839666,2975.3392547821995,2980.91102680016,2990.0384242336104,0.0678888888915363
0,mandelbrot,lasdpc,30000,Gamma,2 0.00137197069398838,-2028.2017217752398,-10142.3988097515,-10138.3988097515,-10138.3867736432,-10134.6682308159,-10128.5832991936,0.0946153846161906
1,mandelbrot,lasdpc,30000,Weibull,2 0.0031485886229767,-2059.14480188858,-10295.7240094429,-10291.7240094429,-10291.711973334599,-10287.9934305072,-10281.908498884899,0.0562222222231665
2,mandelbrot,lasdpc,30000,Normal,0.00274394138797675 0.00139298188505091,-2062.71236819291,-10315.4605842216,-10311.4605842216,-10311.4485481133,-10307.7300052859,-10301.6450736636,0.0198888888876859
3,mandelbrot,lasdpc,30000,T.Normal,0.00273968109284792 0.00151722441391384,-2074.00849456212,-10373.7898266037,-10369.7898266037,-10369.7777904953,-10366.059247668001,-10359.9743160457,0.112777777776096
4,mandelbrot,lasdpc,30000,Lognormal,-6.11181481507095 0.8200741792132,-1955.3715295971103,-9782.47451017606,-9778.47451017606,-9778.462474067741,-9774.7439312404,-9768.658999618101,0.0171111111121718
5,mandelbrot,lasdpc,30000,OLL-GG,0.00812144481737244 2.9466679385644 0.232427079235129 2.12639813515041,-2066.36390842725,-10334.515775079499,-10326.515775079499,-10326.4755740745,-10319.0546172082,-10306.884753963599,1.28824999999961
6,mandelbrot,lasdpc,30000,Kw-CWG,0.0331647127231007 0.454718720591082 928.487549930709 2.48338610486847 196.841038762939,-2062.68099929112,-10348.4438905361,-10338.4438905361,-10338.3835283631,-10329.117443197,-10313.9051141412,21.546517973501828
7,mandelbrot,lasdpc,30000,G.Gamma,0.00412041152599844 2.59864149552223 0.559624564800196,-2063.29175234826,-10316.4587617413,-10310.4587617413,-10310.4346653558,-10304.8628933378,-10295.735495904399,0.0819259259248308
8,mandelbrot,lasdpc,30000,E.Weibull,2.4801866867855 0.00385330675415995 0.625294091458343,-2062.05815286727,-10310.2907643364,-10304.2907643364,-10304.2666679508,-10298.6948959329,-10289.5674984994,0.14370370370333702
0,mandelbrot,lasdpc,10000,Gamma,2 0.00121752999821903,-2086.06054253398,-10430.8598602991,-10426.8598602991,-10426.8478241908,-10423.129281363399,-10417.0443497411,0.10878571428786801
1,mandelbrot,lasdpc,10000,Weibull,2.03539636021189 0.00282005158918382,-2133.95545877856,-10669.777293892801,-10665.777293892801,-10665.7652577845,-10662.0467149571,-10655.9617833348,0.0682222222239943
2,mandelbrot,lasdpc,10000,Normal,0.00243505999643807 0.00109583377052748,-2158.93612196186,-10795.6024759627,-10791.6024759627,-10791.5904398543,-10787.871897027,-10781.786965404699,0.0257777777781788
3,mandelbrot,lasdpc,10000,T.Normal,0.00243498585600506 0.00114132855740298,-2164.9564368758397,-10825.462857153101,-10821.462857153101,-10821.4508210448,-10817.7322782175,-10811.6473465952,0.258555555552852
4,mandelbrot,lasdpc,10000,Lognormal,-6.20643219808403 0.783360890672436,-2009.9450287329103,-10063.3103994123,-10059.3103994123,-10059.298363304,-10055.5798204767,-10049.494888854399,0.0155555555554909
5,mandelbrot,lasdpc,10000,OLL-GG,0.00726419989074845 2.36967939962959 0.292405077556544 2.4164801869557,-2138.02732047411,-10690.136602370601,-10682.136602370601,-10682.096401365501,-10674.6754444992,-10662.5055812546,1.27118749999954
6,mandelbrot,lasdpc,10000,Kw-CWG,0.0124513743487028 0.725402024724059 766.877686428833 1.65331160858756 118.445763239769,-2157.6619836585,-10806.904725270899,-10796.904725270899,-10796.8443630979,-10787.5782779317,-10772.365948876,36.73885987795611
7,mandelbrot,lasdpc,10000,G.Gamma,0.00399550258990235 3.62404744780322 0.425945047069441,-2147.50847834786,-10741.4028067314,-10735.4028067314,-10735.3787103459,-10729.8069383279,-10720.6795408944,0.145703703703475
8,mandelbrot,lasdpc,10000,E.Weibull,2.77208701683214 0.00338629331098833 0.600034889243108,-2144.95160127592,-10724.7580063796,-10718.7580063796,-10718.7339099941,-10713.1621379761,-10704.0347405427,0.273333333332428
0,sqldbHD,andromeda,100,Gamma,11.0500970931207 0.0878450229860221,66.2245068408575,313.797003161684,317.797003161684,317.809039270009,321.527582097349,327.61251371964903,0.0509999999999612
1,sqldbHD,andromeda,100,Weibull,3.93301365812908 1.06871401545194,47.4124931541389,228.17704429365003,232.17704429365003,232.189080401975,235.907623229314,241.992554851614,0.0195714285717778
2,sqldbHD,andromeda,100,Normal,0.970623117007835 0.266873755719016,39.951130410390604,195.913594365332,199.913594365332,199.925630473657,203.64417330099602,209.729104923297,0.00499999999980597
3,sqldbHD,andromeda,100,T.Normal,0.970476176961922 0.26713792525159,39.899690785722896,195.63555130093997,199.63555130093997,199.647587409265,203.366130236604,209.451061858904,0.0417777777765878
4,sqldbHD,andromeda,100,Lognormal,-0.0757327219310405 0.340059748764242,118.525239698265,529.140407909293,533.140407909293,533.152444017618,536.870986844957,542.955918467257,0.00577777777410423
5,sqldbHD,andromeda,100,OLL-GG,2.12056618135002 6.33332190571715 0.153179952765969 3.12497936415178,41.7124167314864,201.936648797526,209.936648797526,209.97684980255102,217.397806668854,229.567669913454,1.198437500002
6,sqldbHD,andromeda,100,Kw-CWG,0.0197807356441614 1.0556173818312 3.94644873293618 1.74744043303233 1.6505955982416,39.6946377526966,195.077747567275,205.077747567275,205.13810974031298,214.404194906436,229.61652396218602,0.984556399933241
7,sqldbHD,andromeda,100,G.Gamma,0.932397674206401 3.19401486361852 1.44285630808262,48.8539397470576,221.934124134733,227.934124134733,227.958220520275,233.52999253822998,242.65738997168,0.0449629629621524
8,sqldbHD,andromeda,100,E.Weibull,3.30513342592827 0.985585722378058 1.39951125278382,47.0115388931168,221.019522831381,227.019522831381,227.043619216923,232.61539123487702,241.742788668327,0.0759629629626741
0,sqldbHD,lasdpc,1500,Gamma,12.1606011628235 0.0891700821378992,94.52635073195441,444.80311860220803,448.80311860220803,448.81515471053297,452.533697537872,458.61862916017196,0.0570666666676213
1,sqldbHD,lasdpc,1500,Weibull,6.20150116801642 1.16138891918451,-37.795391323844704,-203.614244966026,-199.614244966026,-199.602208857701,-195.883666030362,-189.798734408062,0.0280476190486557
2,sqldbHD,lasdpc,1500,Normal,1.08439378064777 0.22596095364142,-26.0737935931796,-136.914362367101,-132.914362367101,-132.902326258776,-129.183783431436,-123.09885180913601,0.00666666666317421
3,sqldbHD,lasdpc,1500,T.Normal,1.08439310061288 0.225965535007208,-26.234465288466,-136.91595646595,-132.91595646595,-132.903920357625,-129.18537753028602,-123.10044590798599,0.0262222222243306
4,sqldbHD,lasdpc,1500,Lognormal,0.0393843332769526 0.377508468740038,212.356195137669,968.322743481163,972.322743481163,972.3347795894881,976.053322416827,982.138254039127,0.00633333333017718
5,sqldbHD,lasdpc,1500,OLL-GG,1.39924683184295 10.5850290994636 0.311974343204077 1.39743657926554,205.504682715023,-309.988946347187,-301.988946347187,-301.948745342162,-294.527788475859,-282.357925231259,0.853600000001218
6,sqldbHD,lasdpc,1500,Kw-CWG,0.00365489334165563 3.79239126895274 1.34502609712436 0.405087128329989 0.643777554767423,-116.28581613713699,-587.4107586048599,-577.4107586048599,-577.350396431821,-568.0843112656991,-552.871982209949,0.6650183941043778
7,sqldbHD,lasdpc,1500,G.Gamma,1.29188000388019 10.0038493910523 0.461322178118241,251.878824648842,-299.91019335191004,-293.91019335191004,-293.886096966368,-288.314324948414,-279.186927514963,0.0466296296303712
8,sqldbHD,lasdpc,1500,E.Weibull,7.26984026239975 1.210167901028 0.691869258371815,217.030200244641,-264.597480016748,-258.597480016748,-258.573383631206,-253.001611613251,-243.874214179801,0.310111111109749
0,sqldbHD,andromeda,300,Gamma,10.765886327477 0.132091423685915,224.337610381596,1102.35428211349,1106.35428211349,1106.36631822181,1110.0848610491498,1116.16979267145,0.0498666666661544
1,sqldbHD,andromeda,300,Weibull,3.71520839140875 1.57034809401444,215.598631998732,1072.38482425328,1076.38482425328,1076.3968603616001,1080.11540318894,1086.20033481124,0.0199523809535008
2,sqldbHD,andromeda,300,Normal,1.42208439929715 0.406097083820137,209.356714092463,1035.55041380896,1039.55041380896,1039.5624499172802,1043.2809927446199,1049.36592436692,0.0048888888882680104
3,sqldbHD,andromeda,300,T.Normal,1.42172303197911 0.406729560244837,207.63649954000599,1035.08280953421,1039.08280953421,1039.09484564254,1042.81338846988,1048.89832009218,0.0261111111127927
4,sqldbHD,andromeda,300,Lognormal,0.30496222609938 0.340098542387603,280.480043251956,1290.75844904879,1294.75844904879,1294.77048515711,1298.48902798445,1304.5739596067501,0.0066666666696417205
5,sqldbHD,andromeda,300,OLL-GG,3.86062499239692 5.11823821851834 0.146761929522939 3.94194989105838,206.715120226749,1026.41881109879,1034.41881109879,1034.45901210382,1041.87996897012,1054.0498322147198,1.20618749999903
6,sqldbHD,andromeda,300,Kw-CWG,0.0170293829604354 1.05163878506931 3.02691732579543 1.71093020205549 1.18764306132841,204.978370624065,1020.28567133476,1030.28567133476,1030.3460335078,1039.61211867392,1054.82444772967,0.9912909017910523
7,sqldbHD,andromeda,300,G.Gamma,1.11690119671124 2.47854599693987 2.0942487657139,212.128072392256,1050.2063583846,1056.2063583846,1056.23045477014,1061.8022267881,1070.92962422155,0.041370370369771
8,sqldbHD,andromeda,300,E.Weibull,2.71301775477985 1.31921803874073 1.90530436740042,215.576382718836,1048.04388313295,1054.04388313295,1054.06797951849,1059.6397515364501,1068.7671489699,0.0609629629643341
0,sqldbHD,halley,1500,Gamma,7.73434391192042 0.551436133139527,724.4935628229041,3604.05754675185,3608.05754675185,3608.0695828601793,3611.7881256875203,3617.8730573098205,0.0414666666649282
1,sqldbHD,halley,1500,Weibull,2.30307649691666 4.7288696745838,1186.5614095903802,3880.0635266306604,3884.0635266306604,3884.0755627389794,3887.79410556632,3893.8790371886207,0.0404761904750818
2,sqldbHD,halley,1500,Normal,4.26498423190032 1.68133444588015,822.403675748358,3877.0525156033705,3881.0525156033705,3881.0645517117,3884.78309453904,3890.86802616134,0.0033333333315871
3,sqldbHD,halley,1500,T.Normal,4.23087993901469 1.72404755086506,818.6982912406979,3864.5054642023497,3868.5054642023497,3868.51750031067,3872.2360431380102,3878.32097476031,0.0155555555522571
4,sqldbHD,halley,1500,Lognormal,1.38440108919871 0.390975507866735,756.207455730544,3728.4556546560707,3732.4556546560707,3732.4676907644002,3736.18623359174,3742.27116521404,0.007333333334018891
5,sqldbHD,halley,1500,OLL-GG,22.7553536369885 1.34246999400922 0.341627218477597 6.04194206716963,715.564000861162,3503.7556104083,3511.7556104083,3511.7958114133303,3519.2167682796294,3531.38663152423,1.36962500000209
6,sqldbHD,halley,1500,Kw-CWG,0.0114297136087145 0.724062013109626 2.0557591208758 1.9595659914078 1.76555796477158,699.3988611170661,3490.15569617755,3500.15569617755,3500.2160583505897,3509.48214351671,3524.69447257246,1.2570607275406394
7,sqldbHD,halley,1500,G.Gamma,0.646287604916253 1.04150136754055 7.15613690602014,1056.4225606946002,3603.87821613202,3609.87821613202,3609.9023125175604,3615.4740845355104,3624.60148196896,0.0594814814803949
8,sqldbHD,halley,1500,E.Weibull,1.48536143604909 2.6149233833638 4.47557368584229,893.153130550004,3611.8031771914502,3617.8031771914502,3617.8272735769897,3623.39904559495,3632.5264430284,0.0527407407401673
0,dijkstra,lasdpc,2M,Gamma,1.91111642587056 0.00392052317255593,-1600.13070994332,-8002.20298471598,-7998.20298471598,-7998.19094860765,-7994.472405780309,-7988.387474158009,0.113083333333634
1,dijkstra,lasdpc,2M,Weibull,1.42611587418176 0.0083122126322399,-1592.6677102771803,-7968.28495090874,-7964.28495090874,-7964.27291480042,-7960.5543719730795,-7954.46944035078,0.108916666666725
2,dijkstra,lasdpc,2M,Normal,0.00747452664109003 0.00561004361125709,-1505.7229709016901,-7529.516504860921,-7525.516504860921,-7525.504468752591,-7521.78592592525,-7515.700994302951,0.0268888888870909
3,dijkstra,lasdpc,2M,T.Normal,0.00028165958024491 0.00926487475478881,-1578.2104120059198,-7894.523079750079,-7890.523079750079,-7890.511043641759,-7886.79250081442,-7880.70756919212,0.0893333333337473
4,dijkstra,lasdpc,2M,Lognormal,-5.17812821096784 0.784254385599964,-1600.57088753549,-8004.4225911584,-8000.4225911584,-8000.410555050079,-7996.69201222274,-7990.607080600441,0.01399999999881
5,dijkstra,lasdpc,2M,OLL-GG,0.00297979528405679 0.696671887881751 1.97575334916163 1.48711048236248,-1600.1536061372199,-8000.76803068612,-7992.76803068612,-7992.7278296811,-7985.30687281479,-7973.1370095701905,1.16168749999815
6,dijkstra,lasdpc,2M,Kw-CWG,1 0.260944190634005 233.059517503671 10.165030038386 42.5381813745706,-1600.90134421574,-8005.224870129141,-7995.224870129141,-7995.164507956099,-7985.898422789979,-7970.68609373423,27.30923815289644
7,dijkstra,lasdpc,2M,G.Gamma,0.00504629240075213 1.08539929065323 1.61391253055396,-1598.80790961388,-7994.462235380241,-7988.462235380241,-7988.438138994691,-7982.866366976741,-7973.738969543291,0.134777777777614
8,dijkstra,lasdpc,2M,E.Weibull,1.01887423227638 0.00514727458851508 1.99613664583592,-1601.33211470625,-8007.1042350128,-8001.1042350128,-8001.08013862726,-7995.5083666093005,-7986.38096917585,0.22692592592459399
0,mandelbrot,andromeda,30000,Gamma,5 0.0016158703527594,-1727.36761220206,-8637.12250327042,-8633.12250327042,-8633.11046716209,-8629.39192433475,-8623.30699271245,0.0868000000026465
1,mandelbrot,andromeda,30000,Weibull,2.63844129989125 0.00905731843250987,-1735.1421177329198,-8676.30477665607,-8672.30477665607,-8672.29274054774,-8668.5741977204,-8662.4892660981,0.0810000000007373
2,mandelbrot,andromeda,30000,Normal,0.00807935176379699 0.00317065068675623,-1733.8505665312803,-8670.759829982171,-8666.759829982171,-8666.747793873841,-8663.0292510465,-8656.944319424201,0.0263333333358686
3,mandelbrot,andromeda,30000,T.Normal,0.00807229124877156 0.00326942111481577,-1733.87929381696,-8682.445686382891,-8678.445686382891,-8678.43365027457,-8674.71510744723,-8668.630175824928,0.11088888889126901
4,mandelbrot,andromeda,30000,Lognormal,-4.91069816619729 0.477994397744247,-1688.45475751499,-8459.8341469173,-8455.8341469173,-8455.82211080898,-8452.103567981641,-8446.01863635934,0.0174444444435519
5,mandelbrot,andromeda,30000,OLL-GG,0.021617940532107 2.60146723814935 0.298268449811789 2.85431044689514,-1741.9195875226,-8715.515826895358,-8707.515826895358,-8707.475625890329,-8700.05466902403,-8687.88480577943,1.17975000000206
6,mandelbrot,andromeda,30000,Kw-CWG,0.286805285268255 0.554774372015011 195.539775171019 4.899354068554 46.3434048674576,-1736.0103656275198,-8701.23055721667,-8691.23055721667,-8691.170195043629,-8681.90410987751,-8666.691780821759,26.232342706916356
7,mandelbrot,andromeda,30000,G.Gamma,0.00683820273289513 2.0331198607145 1.63684423775166,-1737.7140078662699,-8689.74795209158,-8683.74795209158,-8683.723855706041,-8678.15208368809,-8669.024686254641,0.13119230769203
8,mandelbrot,andromeda,30000,E.Weibull,2.20090413314638 0.00794023071409547 1.48632237095986,-1738.04666913443,-8690.23334567215,-8684.23334567215,-8684.209249286609,-8678.63747726865,-8669.5100798352,0.23992592592441297
0,mandelbrot,lasdpc,5000,Gamma,2 0.00117214702066661,-2095.7150713962,-10478.8127229237,-10474.8127229237,-10474.8006868154,-10471.082143988,-10464.997212365699,0.10638461538697999
1,mandelbrot,lasdpc,5000,Weibull,2 0.00262889183233316,-2145.2438003587804,-10726.219001793901,-10722.219001793901,-10722.2069656856,-10718.4884228582,-10712.4034912359,0.0672222222217695
2,mandelbrot,lasdpc,5000,Normal,0.00234429404133322 0.00104809442867466,-2176.9372240961998,-10884.686120481,-10880.686120481,-10880.6740843727,-10876.9555415454,-10870.8706099231,0.0243333333346527
3,mandelbrot,lasdpc,5000,T.Normal,0.00234429404133322 0.00104809442867466,-2182.03043877147,-10910.1521938574,-10906.1521938574,-10906.140157749,-10902.4216149217,-10896.3366832994,0.28133333332759003
4,mandelbrot,lasdpc,5000,Lognormal,-6.25842994141802 0.836525859779837,-2005.05806019298,-10035.979972972,-10031.979972972,-10031.9679368637,-10028.2493940363,-10022.164462414,0.0143333333301901
5,mandelbrot,lasdpc,5000,OLL-GG,0.00436934639606682 1.97905168360021 0.546374534181724 1.68046479776056,-2147.93137158776,-10739.6568579388,-10731.6568579388,-10731.6166569338,-10724.1957000675,-10712.0258368229,1.12024999999903
6,mandelbrot,lasdpc,5000,Kw-CWG,0.00965538604147239 0.733765774534448 838.239612376383 1.60901939292424 131.806428477561,-2175.6245837581,-10901.2386422974,-10891.2386422974,-10891.178280124399,-10881.912194958199,-10866.6998659025,28.30191761176504
7,mandelbrot,lasdpc,5000,G.Gamma,0.00381024811333955 3.61963754330203 0.423120971682443,-2164.77144518895,-10823.8572259447,-10817.8572259447,-10817.8331295592,-10812.2613575412,-10803.1339601078,0.14770370370415198
8,mandelbrot,lasdpc,5000,E.Weibull,2.93275216713918 0.00334407470696899 0.595015520935269,-2160.49122557372,-10787.8142138527,-10781.8142138527,-10781.7901174672,-10776.2183454492,-10767.090948015799,0.25522222222234303
0,mandelbrot,halley,30000,Gamma,5.33923248960944 0.00260021742880235,-1536.5035252186499,-7682.517626093241,-7678.517626093241,-7678.505589984909,-7674.78704715758,-7668.7021155352695,0.0897333333326969
1,mandelbrot,halley,30000,Weibull,4.20671914413399 0.0147640609146196,-1647.76768074069,-8311.2385709287,-8307.2385709287,-8307.22653482037,-8303.50799199303,-8297.42306037073,0.0860666666664959
2,mandelbrot,halley,30000,Normal,0.013697415232939 0.00350201518858298,-1694.2798708359803,-8471.95634961285,-8467.95634961285,-8467.94431350452,-8464.22577067718,-8458.140839054879,0.0286666666652309
3,mandelbrot,halley,30000,T.Normal,0.013697415232939 0.00350201518858298,-1692.7737226277698,-8472.048154198821,-8468.048154198821,-8468.0361180905,-8464.31757526316,-8458.23264364086,0.123999999999392
4,mandelbrot,halley,30000,Lognormal,-4.37162696017166 0.539037530141288,-1418.2400455719699,-7141.319113046,-7137.319113046,-7137.307076937671,-7133.588534110329,-7127.50360248803,0.0164444444413271
5,mandelbrot,halley,30000,OLL-GG,0.0273887278017673 4.59121419989573 0.251884009796593 3.53047547214468,-1704.1216873989902,-8524.13512223716,-8516.13512223716,-8516.094921232141,-8508.67396436583,-8496.504101121229,1.4793749999989798
6,mandelbrot,halley,30000,Kw-CWG,0.0131208855730143 0.936623407849665 205.965993526142 2.12961098976668 39.1139303219198,-1708.16515347508,-8574.94434186752,-8564.94434186752,-8564.88397969448,-8555.61789452836,-8540.40556547261,25.324990080813
7,mandelbrot,halley,30000,G.Gamma,0.0164208160696823 5.19177268404989 0.648651101772878,-1649.66390443189,-8340.27467103387,-8334.27467103387,-8334.25057464832,-8328.67880263037,-8319.55140519692,0.129481481479295
8,mandelbrot,halley,30000,E.Weibull,4.91334400536944 0.0156459058041291 0.722391696933953,-1659.3623320665802,-8336.30669840908,-8330.30669840908,-8330.28260202354,-8324.71083000558,-8315.58343257213,0.24629629629608102
0,sqldbHD,andromeda,150,Gamma,5.52991646935599 0.167298875344709,171.481141853605,845.898162261272,849.898162261272,849.910198369597,853.6287411969361,859.713672819236,0.0550666666676989
1,sqldbHD,andromeda,150,Weibull,2.59590854093195 1.03313996244561,180.17871945717,807.038299441366,811.038299441366,811.050335549691,814.76887837703,820.85380999933,0.0316666666649759
2,sqldbHD,andromeda,150,Normal,0.925128669000264 0.358675453800522,160.688819057359,787.199270933354,791.199270933354,791.2113070416789,794.929849869018,801.0147814913181,0.00466666666680895
3,sqldbHD,andromeda,150,T.Normal,0.918731465936762 0.366834089618465,157.42180041089898,776.1996438814309,780.1996438814309,780.211679989756,783.9302228170959,790.015154439395,0.0198888888876859
4,sqldbHD,andromeda,150,Lognormal,-0.170951337043819 0.489249778955738,215.228362786389,1066.20784766368,1070.20784766368,1070.219883772,1073.9384265993401,1080.02335822164,0.0066666666696417205
5,sqldbHD,andromeda,150,OLL-GG,2.38416654213337 2.44688415806924 0.329838001010188 2.84571085175938,418.029734380805,742.830986866847,750.830986866847,750.8711878718719,758.2921447381759,770.4620079827761,0.7470624999969
6,sqldbHD,andromeda,150,Kw-CWG,0.0110581474357035 0.868534471847035 5.79820621576725 1.19405510259529 1.48523188849349,141.37606731043698,701.7273005596021,711.7273005596021,711.7876627326401,721.0537478987629,736.266076954513,0.9972616972490869
7,sqldbHD,andromeda,150,G.Gamma,0.778858897458491 2.02838791779204 1.64042239601794,197.715394400737,785.315117500334,791.315117500334,791.339213885876,796.91098590383,806.0383833372799,0.0397777777769887
8,sqldbHD,andromeda,150,E.Weibull,2.15230950776131 0.889546316223655 1.5314152715396,192.07207490349097,784.862948187439,790.862948187439,790.8870445729809,796.458816590935,805.5862140243851,0.058703703701785
0,sqldbSSD,halley,100,Gamma,5 0.00516551504081386,-1247.9160789823,-6241.20106972792,-6237.20106972792,-6237.189033619599,-6233.4704907922605,-6227.385559169959,0.0797142857159737
1,sqldbSSD,halley,100,Weibull,2.37078889103894 0.0289754876267924,-1237.6964025319,-6216.858811555539,-6212.858811555539,-6212.84677544721,-6209.128232619879,-6203.04330099757,0.0403333333362955
2,sqldbSSD,halley,100,Normal,0.0258275752040693 0.0110057845186765,-1232.78322184304,-6181.76830067117,-6177.76830067117,-6177.75626456285,-6174.03772173551,-6167.9527901132105,0.010999999998603
3,sqldbSSD,halley,100,T.Normal,0.0254484512381985 0.0114625322622279,-1238.2622062104901,-6203.96402421949,-6199.96402421949,-6199.95198811116,-6196.23344528382,-6190.14851366152,0.0540000000004915
4,sqldbSSD,halley,100,Lognormal,-3.75752448856729 0.503079767044265,-1209.11281004691,-6051.18722418209,-6047.18722418209,-6047.17518807376,-6043.4566452464205,-6037.37171362412,0.00855555555446901
5,sqldbSSD,halley,100,OLL-GG,0.0972973927321185 2.00766770562776 0.285588332460776 3.79445134385417,-1258.74750112411,-6336.469597895059,-6328.469597895059,-6328.429396890029,-6321.008440023729,-6308.83857677913,0.9473125000004069
6,sqldbSSD,halley,100,Kw-CWG,0.113446582024521 1.35961344132818 96.5543730663851 1.41377729982934 0.631039124469329,-996.709960309824,-6339.11849351574,-6329.11849351574,-6329.0581313427,-6319.79204617658,-6304.57971712083,0.8578505660782657
7,sqldbSSD,halley,100,G.Gamma,0.0183282497880508 1.68848073048791 1.96725975052492,-1250.92489644589,-6262.43729182326,-6256.43729182326,-6256.41319543772,-6250.841423419761,-6241.71402598631,0.0770370370360238
8,sqldbSSD,halley,100,E.Weibull,1.76363721050879 0.0218922320774346 2.00385021393104,-1249.22861322585,-6266.985048693299,-6260.985048693299,-6260.960952307751,-6255.3891802898,-6246.26178285635,0.13151851851930801
0,dijkstra,lasdpc,1M,Gamma,2 0.00287506735399461,-1723.96218292368,-8622.94894759636,-8618.94894759636,-8618.936911488041,-8615.218368660691,-8609.1334370384,0.09176923076917698
1,dijkstra,lasdpc,1M,Weibull,1.58141838009775 0.00644213822234088,-1721.1236538995001,-8606.85313531066,-8602.85313531066,-8602.84109920234,-8599.122556375,-8593.0376247527,0.129181818180686
2,dijkstra,lasdpc,1M,Normal,0.00575013470798922 0.00382483306387705,-1657.8647350116598,-8295.60384576441,-8291.60384576441,-8291.59180965608,-8287.87326682874,-8281.78833520644,0.0288888888899237
3,dijkstra,lasdpc,1M,T.Normal,0.00355239594238702 0.00521927979169869,-1705.77791319108,-8529.284883243441,-8525.284883243441,-8525.27284713511,-8521.55430430777,-8515.46937268547,0.0948888888896262
4,dijkstra,lasdpc,1M,Lognormal,-5.39188346859741 0.722759282140553,-1717.66288695819,-8595.247237876121,-8591.247237876121,-8591.235201767791,-8587.51665894045,-8581.43172731815,0.013666666665813001
5,dijkstra,lasdpc,1M,OLL-GG,0.00401309873170311 1.3797040712736 1.76054411846327 0.784596975755478,-1725.45759134059,-8627.287956702941,-8619.287956702941,-8619.247755697908,-8611.82679883161,-8599.656935587009,1.13093750000189
6,dijkstra,lasdpc,1M,Kw-CWG,1 0.259930473795791 367.384779955968 11.8278508114201 56.6683716925691,-1725.09176255177,-8630.01394017153,-8620.01394017153,-8619.95357799849,-8610.68749283237,-8595.47516377662,27.955542047332507
7,dijkstra,lasdpc,1M,G.Gamma,0.00480823919426647 1.29208390742066 1.41052893934931,-1723.1886813590802,-8619.92066714059,-8613.92066714059,-8613.89657075505,-8608.32479873709,-8599.19740130364,0.12811111111120602
8,dijkstra,lasdpc,1M,E.Weibull,1.1419905957339 0.00441682892712632 1.85507780759038,-1725.48507197706,-8629.26954023833,-8623.26954023833,-8623.245443852791,-8617.67367183483,-8608.54627440138,0.24285185185295605
0,sqldbHD,halley,300,Gamma,8.98060772961728 0.182030204354662,310.846573745287,1549.4370438928,1553.4370438928,1553.4490800011301,1557.16762282846,1563.2525544507598,0.0567999999999301
1,sqldbHD,halley,300,Weibull,3.46823642309828 1.81327978556434,300.033814813286,1494.52748176858,1498.52748176858,1498.5395178769,1502.25806070424,1508.3429923265398,0.0199047619056988
2,sqldbHD,halley,300,Normal,1.63476039429165 0.50523173712811,296.23387947812597,1472.39870049156,1476.39870049156,1476.4107365998902,1480.1292794272301,1486.21421104953,0.00422222222227396
3,sqldbHD,halley,300,T.Normal,1.63363292118301 0.507053196950966,295.200925978901,1471.1552924777,1475.1552924777,1475.16732858602,1478.88587141336,1484.97080303566,0.0308888888862889
4,sqldbHD,halley,300,Lognormal,0.434791029316634 0.373447176220796,354.124164755288,1737.49868892667,1741.49868892667,1741.510725035,1745.22926786234,1751.3141994846399,0.00566666666580002
5,sqldbHD,halley,300,OLL-GG,4.08913470737459 6.01042525951916 0.135519535591515 3.27876722411917,295.322941424433,1468.7082865722302,1476.7082865722302,1476.74848757725,1484.1694444435598,1496.33930768816,1.24143749999712
6,sqldbHD,halley,300,Kw-CWG,0.0178824582327931 0.844686140433345 3.31742983672423 1.90951692632799 2.02408593377042,293.56893680735,1463.7499998549401,1473.7499998549401,1473.81036202798,1483.0764471941,1498.28877624985,0.8652099186259763
7,sqldbHD,halley,300,G.Gamma,1.48220498006788 2.67660848006915 1.58195413983107,300.26573756493997,1485.51331932407,1491.51331932407,1491.53741570961,1497.1091877275699,1506.23658516102,0.0380740740732074
8,sqldbHD,halley,300,E.Weibull,2.81068796347455 1.61816054359084 1.50652682581448,301.323251727583,1484.4976412697101,1490.4976412697101,1490.52173765525,1496.0935096732,1505.22090710665,0.0591111111107576
0,mandelbrot,andromeda,10000,Gamma,5 0.00142210535397853,-1777.19304742482,-8887.704269896129,-8883.704269896129,-8883.6922337878,-8879.97369096046,-8873.888759338159,0.0882666666642763
1,mandelbrot,andromeda,10000,Weibull,2.46519127153253 0.00800557463742305,-1768.0867702376502,-8841.8932028489,-8837.8932028489,-8837.88116674058,-8834.16262391324,-8828.07769229094,0.0686000000030617
2,mandelbrot,andromeda,10000,Normal,0.00711052676989266 0.00298826575913298,-1757.0091263967902,-8789.247080631541,-8785.247080631541,-8785.23504452321,-8781.51650169587,-8775.43157007357,0.0295555555559177
3,mandelbrot,andromeda,10000,T.Normal,0.00704752125204014 0.00315647615430892,-1760.7258182010899,-8808.69241090714,-8804.69241090714,-8804.68037479881,-8800.96183197147,-8794.87690034917,0.14033333333403197
4,mandelbrot,andromeda,10000,Lognormal,-5.03904458586726 0.463048475577526,-1753.50787122776,-8780.06158968779,-8776.06158968779,-8776.04955357947,-8772.331010752121,-8766.246079129829,0.0196666666694606
5,mandelbrot,andromeda,10000,OLL-GG,0.033058725655253 2.26786819148917 0.21658912230947 4.29601241544221,-1786.0492172346499,-8935.36424989302,-8927.36424989302,-8927.324048887991,-8919.90309202169,-8907.733228777091,1.26237499999752
6,mandelbrot,andromeda,10000,Kw-CWG,1 0.772362142926301 148.376649215757 5.78322853810871 9.31666533439007,-1781.1770099814498,-8904.76238087759,-8894.76238087759,-8894.70201870455,-8885.43593353843,-8870.223604482679,28.494788190644478
7,mandelbrot,andromeda,10000,G.Gamma,0.00477779778603995 1.67061299272392 2.20258174077622,-1778.1439324843,-8890.71966242149,-8884.71966242149,-8884.695566035949,-8879.12379401799,-8869.996396584542,0.131333333332872
8,mandelbrot,andromeda,10000,E.Weibull,1.67838641657573 0.00561106828033664 2.39664863082344,-1780.22333832174,-8901.55176703056,-8895.55176703056,-8895.52767064502,-8889.95589862707,-8880.82850119362,0.212740740739887
0,dijkstra,andromeda,10M,Gamma,20.0000004517614 0.0102181285372131,-719.980724654675,-3601.97523351377,-3597.97523351377,-3597.96319740545,-3594.2446545781104,-3588.15972295581,0.10746666666624799
1,dijkstra,andromeda,10M,Weibull,4.50569653238975 0.218433122904284,-401.420362059561,-3452.94597521026,-3448.94597521026,-3448.93393910193,-3445.2153962746,-3439.1304646523,0.0700000000014413
2,dijkstra,andromeda,10M,Normal,0.204361966611742 0.0350670615061009,-769.302384182202,-3863.1360999650396,-3859.1360999650396,-3859.1240638567206,-3855.40552102938,-3849.3205894070793,0.020111111109145
3,dijkstra,andromeda,10M,T.Normal,0.204371851025025 0.0350696602763157,-764.8164119836309,-3863.1360111416707,-3859.1360111416707,-3859.12397503334,-3855.4054322059997,-3849.3205005837,0.0926666666685681
4,dijkstra,andromeda,10M,Lognormal,-1.60689599451122 0.247697248885123,-545.490844171513,-3167.0157724097603,-3163.0157724097603,-3163.00373630144,-3159.2851934740997,-3153.2002618518,0.0165555555528651
5,dijkstra,andromeda,10M,OLL-GG,1.13567454199581 1.43636935157357 0.314888184269204 14.5109977814916,-819.857094415713,-4139.0581428982505,-4131.0581428982505,-4131.01794189323,-4123.59698502692,-4111.427121782321,1.94949999999881
6,dijkstra,andromeda,10M,Kw-CWG,0.00354090346788838 1.61398023100414 16.9620991829209 2.62082987032033 0.712785149199389,-837.575934629493,-4191.10126931744,-4181.10126931744,-4181.04090714441,-4171.77482197828,-4156.56249292253,48.479873723935505
7,dijkstra,andromeda,10M,G.Gamma,0.0969316807368772 2.30291837817394 5.81984758335601,-740.713264987973,-3752.95312095771,-3746.95312095771,-3746.9290245721704,-3741.3572525542204,-3732.2298551207705,0.134851851851434
8,dijkstra,andromeda,10M,E.Weibull,2.99923050893168 0.161952433682908 4.62849385449801,-735.116898726408,-3778.49861339197,-3772.49861339197,-3772.4745170064293,-3766.9027449884798,-3757.77534755503,0.21344444444629398
0,mandelbrot,andromeda,5000,Gamma,5 0.00125771377077747,-1810.11695022553,-9050.842232828008,-9046.842232828008,-9046.830196719691,-9043.11165389235,-9037.02672227005,0.0921333333293054
1,mandelbrot,andromeda,5000,Weibull,2.52593568318552 0.00707889654012057,-1815.4845731585299,-9079.36584895924,-9075.36584895924,-9075.35381285092,-9071.635270023571,-9065.550338401279,0.0881000000008498
2,mandelbrot,andromeda,5000,Normal,0.00628856885388733 0.00263219609646398,-1808.4347404456303,-9042.99646070836,-9038.99646070836,-9038.984424600028,-9035.26588177269,-9029.18095015039,0.0354444444415599
3,mandelbrot,andromeda,5000,T.Normal,0.0062750558428889 0.00274249842057919,-1812.14036504703,-9061.86963392531,-9057.86963392531,-9057.85759781699,-9054.13905498965,-9048.05412336735,0.125111111108304
4,mandelbrot,andromeda,5000,Lognormal,-5.17220562070162 0.499578113683603,-1776.6915669910602,-8894.51854246165,-8890.51854246165,-8890.50650635332,-8886.78796352598,-8880.703031903678,0.016444444442943996
5,mandelbrot,andromeda,5000,OLL-GG,0.0113258917876821 2.29571110851782 0.51308479354521 1.89380428414746,-1817.8427773053197,-9094.24588595133,-9086.24588595133,-9086.20568494631,-9078.78472808001,-9066.614864835401,1.3051249999989498
6,mandelbrot,andromeda,5000,Kw-CWG,1 1.24420803142975 61.3982776337154 2.37378707498193 17.6437809461189,-1816.37059123588,-9087.61025032513,-9077.61025032513,-9077.54988815209,-9068.28380298596,-9053.07147393021,34.81848543170878
7,mandelbrot,andromeda,5000,G.Gamma,0.00549698258050631 1.97410098777032 1.52720661641982,-1817.0636076911499,-9085.61141020159,-9079.61141020159,-9079.58731381605,-9074.015541798091,-9064.88814436464,0.14311111110900698
8,mandelbrot,andromeda,5000,E.Weibull,2.03796964913613 0.00603255590903068 1.53908186200207,-1816.53829011929,-9085.69024152909,-9079.69024152909,-9079.66614514355,-9074.094373125601,-9064.966975692141,0.240444444443845
0,sqldbHD,lasdpc,100,Gamma,8.25054193686834 0.0137226639750589,-744.8812348412131,-3729.1746222811403,-3725.1746222811403,-3725.1625861728103,-3721.4440433454706,-3715.3591117231704,0.0659999999974389
1,sqldbHD,lasdpc,100,Weibull,4.03945059989805 0.123613988802541,-810.4144146535381,-4055.75325485315,-4051.75325485315,-4051.7412187448203,-4048.02267591748,-4041.9377442951795,0.0317999999992026
2,sqldbHD,lasdpc,100,Normal,0.112971114730378 0.0307057454362518,-824.974483992872,-4128.75199171665,-4124.75199171665,-4124.739955608329,-4121.02141278099,-4114.936481158689,0.0101111111111499
3,sqldbHD,lasdpc,100,T.Normal,0.112963250121995 0.030732884023006,-824.787965477108,-4128.98759526505,-4124.98759526505,-4124.97555915673,-4121.257016329389,-4115.17208470709,0.0494444444403699
4,sqldbHD,lasdpc,100,Lognormal,-2.24160082195781 0.436324909421231,-655.088701682266,-3304.06336024144,-3300.06336024144,-3300.05132413312,-3296.33278130578,-3290.24784968348,0.007888888885241209
5,sqldbHD,lasdpc,100,OLL-GG,0.196758140384335 6.22765552870817 0.227814485043462 2.20996165593959,-819.502896590544,-4113.64623090299,-4105.64623090299,-4105.606029897971,-4098.185073031671,-4086.0152097870705,0.9113750000014991
6,sqldbHD,lasdpc,100,Kw-CWG,0.00492850391471888 1.39379586185 28.2204313134322 0.87074576370077 0.994106098970613,-839.831019598618,-4204.4805294367,-4194.4805294367,-4194.42016726366,-4185.15408209754,-4169.9417530417895,1.0133689594160022
7,sqldbHD,lasdpc,100,G.Gamma,0.135893386104524 5.0066783212342 0.696368461629627,-810.163994690831,-4068.11128988698,-4062.11128988698,-4062.0871935014397,-4056.51542148349,-4047.38802405004,0.0745555555563273
8,sqldbHD,lasdpc,100,E.Weibull,4.7866090386908 0.131293141424595 0.737316410797854,-808.384655778022,-4066.4049581875606,-4060.4049581875606,-4060.38086180201,-4054.8090897840602,-4045.6816923506103,0.126851851853577
0,sqldbSSD,halley,1500,Gamma,2.19430475558101 0.160340656226714,-63.86525275895579,-376.886622875112,-372.886622875112,-372.87458676678705,-369.156043939448,-363.071112317148,0.0504615384651026
1,sqldbSSD,halley,1500,Weibull,1.12424071476842 0.373689827214796,-24.152293850232603,-127.064299556087,-123.064299556087,-123.05226344776199,-119.333720620423,-113.248788998123,0.0300714285736571
2,sqldbSSD,halley,1500,Normal,0.35183860439786 0.576840814912554,358.21804746106795,1737.4972254592801,1741.4972254592801,1741.5092615676099,1745.22780439495,1751.31273601725,0.00366666667105164
3,sqldbSSD,halley,1500,T.Normal,-20.277854764983 2.64493242104782,-13.7338173017392,-68.5704927171015,-64.5704927171015,-64.55845660877651,-60.839913781437204,-54.7549821591372,0.10533333333539
4,sqldbSSD,halley,1500,Lognormal,-1.2894160707123 0.485175417016981,-234.00354883390702,-1187.4469267428199,-1183.4469267428199,-1183.43489063449,-1179.71634780715,-1173.63141618485,0.00922222222207994
5,sqldbSSD,halley,1500,OLL-GG,16.2269418674523 0.132901968490033 0.881324736278139 30.6747492099419,-349.40061723242303,-1744.96681085519,-1736.96681085519,-1736.92660985017,-1729.5056529838598,-1717.33578973926,1.0164285714262
6,sqldbSSD,halley,1500,Kw-CWG,0.00668475290256404 0.398326064166563 607.557924456677 9.83684669225834 0.963722596388988,-299.480254371403,-1506.18457020289,-1496.18457020289,-1496.1242080298498,-1486.8581228637302,-1471.64579380798,1.1864525998607305
7,sqldbSSD,halley,1500,G.Gamma,0.00472817903653861 0.530061708161948 9.12910311317026,-160.02271542303,-810.054163444665,-804.054163444665,-804.030067059122,-798.4582950411681,-789.330897607718,0.104703703704419
8,sqldbSSD,halley,1500,E.Weibull,0.488071186024058 0.00883511302105611 147.703888172244,-273.333784266718,-1370.7444617357,-1364.7444617357,-1364.72036535016,-1359.1485933322099,-1350.02119589876,0.20162962963028502
0,sqldbHD,halley,100,Gamma,5.80296539526299 0.137031841681809,101.599760325755,501.207057973482,505.207057973482,505.21909408180704,508.93763690914597,515.022568531446,0.0524666666645013
1,sqldbHD,halley,100,Weibull,2.74953841733317 0.892121252323482,93.3748867546217,461.253708801269,465.253708801269,465.265744909594,468.98428773693297,475.069219359233,0.0218095238108487
2,sqldbHD,halley,100,Normal,0.795218958132287 0.306609704446801,96.0885292489514,473.514020246699,477.514020246699,477.526056355024,481.244599182363,487.329530804663,0.00433333333219505
3,sqldbHD,halley,100,T.Normal,0.789982284999516 0.313327914516641,93.3571306061437,462.991919682533,466.991919682533,467.003955790858,470.722498618197,476.80743024049696,0.0255555555534859
4,sqldbHD,halley,100,Lognormal,-0.317758227963612 0.468313685569602,138.53209565755,685.1243376652491,689.1243376652491,689.1363737735741,692.854916600914,698.939848223214,0.007222222220864041
5,sqldbHD,halley,100,OLL-GG,2.32625461287625 4.65572844011985 0.148237652628042 3.03722012962637,90.0353379155402,443.052809026061,451.052809026061,451.09301003108595,458.51396689738897,470.683830141989,1.17168749999564
6,sqldbHD,halley,100,Kw-CWG,0.0277385055679354 0.684692393504723 8.63997189035802 2.07382786911142 2.38125126462736,89.88033486951281,438.461862521435,448.461862521435,448.522224694474,457.78830986059603,473.00063891634596,0.8958970301673287
7,sqldbHD,halley,100,G.Gamma,0.727323616891704 2.2128394916299 1.46305789674386,94.075688496487,455.01655920083704,461.01655920083704,461.040655586379,466.61242760433294,475.73982503778296,0.0456296296303023
8,sqldbHD,halley,100,E.Weibull,2.30107284936606 0.792699929275481 1.40714729954497,92.43352768061341,454.34054378092696,460.34054378092696,460.364640166469,465.936412184423,475.063809617873,0.0679999999987626
0,sqldbSSD,halley,150,Gamma,7.95733466203671 0.00562926734706682,-1113.4363166405499,-5568.42432623537,-5564.42432623537,-5564.412290127039,-5560.693747299711,-5554.6088156774,0.0740666666669616
1,sqldbSSD,halley,150,Weibull,2.92310603821626 0.0495178522938391,-1099.03653181897,-5507.25541670712,-5503.25541670712,-5503.2433805988,-5499.52483777146,-5493.43990614916,0.0486842105241713
2,sqldbSSD,halley,150,Normal,0.0445179822305561 0.0150760745443495,-1108.1936200252999,-5551.48720604772,-5547.48720604772,-5547.47516993939,-5543.7566271120495,-5537.67169548975,0.0119999999975941
3,sqldbSSD,halley,150,T.Normal,0.0444342289278002 0.0152427275165287,-1108.78965387401,-5554.77429812015,-5550.77429812015,-5550.76226201183,-5547.043719184489,-5540.95878756219,0.0482222222215367
4,sqldbSSD,halley,150,Lognormal,-3.17440610657056 0.386829517460288,-1072.03586511447,-5410.48046022733,-5406.48046022733,-5406.468424119,-5402.74988129166,-5396.664949669361,0.0110000000002199
5,sqldbSSD,halley,150,OLL-GG,0.153864415555023 2.2375753936207 0.278208005919778 4.5611962679952,-1135.42468438331,-5689.30675827781,-5681.30675827781,-5681.266557272779,-5673.845600406479,-5661.67573716188,0.961625000000822
6,sqldbSSD,halley,150,Kw-CWG,0.0378067355525186 1.4629785013053 57.939813288673 1.17601852344782 0.726371782377228,-1135.3266565832198,-5690.69253867674,-5680.69253867674,-5680.6321765037,-5671.36609133758,-5656.15376228183,0.9558132683089507
7,sqldbSSD,halley,150,G.Gamma,0.0209867678785498 1.58664190617559 3.47863048839635,-1116.53788225319,-5589.23426627268,-5583.23426627268,-5583.21016988714,-5577.638397869179,-5568.51100043573,0.0776296296292761
8,sqldbSSD,halley,150,E.Weibull,1.96782383372462 0.0355530263379382 2.65956767172025,-1117.65526664508,-5595.14170880786,-5589.14170880786,-5589.11761242232,-5583.54584040437,-5574.41844297092,0.123444444447631
0,dijkstra,lasdpc,500K,Gamma,2 0.00282960613862385,-1723.6565035675599,-8618.715701532241,-8614.715701532241,-8614.70366542391,-8610.98512259657,-8604.90019097427,0.119249999997313
1,dijkstra,lasdpc,500K,Weibull,1.44461816093385 0.00634968793499201,-1709.64908184917,-8549.35902336067,-8545.35902336067,-8545.34698725235,-8541.62844442501,-8535.54351280271,0.0734285714258606
2,dijkstra,lasdpc,500K,Normal,0.0056592122772477 0.00441936546119104,-1600.8661685723998,-8006.641241620409,-8002.641241620409,-8002.62920551208,-7998.9106626847415,-7992.82573106244,0.027888888886082
3,dijkstra,lasdpc,500K,T.Normal,-0.00183064171656672 0.00788226733746287,-1683.8257676490698,-8423.58392928208,-8419.58392928208,-8419.57189317376,-8415.85335034642,-8409.76841872412,0.14822222222250697
4,dijkstra,lasdpc,500K,Lognormal,-5.42587834103605 0.720518176919034,-1731.93371759771,-8669.44626982227,-8665.44626982227,-8665.43423371395,-8661.715690886609,-8655.63075926431,0.0145555555564998
5,dijkstra,lasdpc,500K,OLL-GG,0.510189253522821 0.183571264524834 0.711682930585976 12.0893514802274,-1732.85154504284,-8671.909498774041,-8663.909498774041,-8663.869297769019,-8656.44834090272,-8644.27847765812,1.3275624999987499
6,dijkstra,lasdpc,500K,Kw-CWG,1 0.290784845057424 229.266278435646 9.19711595991233 41.0612595664144,-1723.69234804854,-8628.32412178953,-8618.32412178953,-8618.263759616491,-8608.99767445037,-8593.78534539462,23.811601715688333
7,dijkstra,lasdpc,500K,G.Gamma,0.00284152231801189 0.942500353687112 1.99290762613339,-1721.01825257701,-8605.09126288506,-8599.09126288506,-8599.06716649952,-8593.495394481559,-8584.36799704811,0.130185185185164
8,dijkstra,lasdpc,500K,E.Weibull,0.870911185510429 0.00266926925924635 3.46238440889395,-1730.83370546945,-8654.16852734727,-8648.16852734727,-8648.144430961729,-8642.57265894378,-8633.44526151033,0.241333333331298
0,mandelbrot,halley,5000,Gamma,5 0.000619116431796117,-2134.1108761982896,-10670.5543809915,-10666.5543809915,-10666.5423448831,-10662.8238020558,-10656.738870433499,0.0940666666652154
1,mandelbrot,halley,5000,Weibull,2.28849790172543 0.00361021579332848,-2094.83602052019,-10474.180102601,-10470.180102601,-10470.1680664926,-10466.4495236653,-10460.364592043,0.0803333333363601
2,mandelbrot,halley,5000,Normal,0.00309558215898058 0.00134394367448105,-2072.60064306099,-10387.4075953751,-10383.4075953751,-10383.3955592668,-10379.6770164395,-10373.592084817199,0.0235555555603545
3,mandelbrot,halley,5000,T.Normal,0.00309439081240828 0.00140309651814481,-2081.20197110708,-10411.3345141658,-10407.3345141658,-10407.3224780574,-10403.6039352301,-10397.5190036078,0.12188888888987198
4,mandelbrot,halley,5000,Lognormal,-5.85568875274717 0.42115966717639,-2118.05188482205,-10602.989619276801,-10598.989619276801,-10598.9775831685,-10595.2590403411,-10589.1741087188,0.020222222220682998
5,mandelbrot,halley,5000,OLL-GG,0.177789301826711 0.506073438707381 0.372429398189178 16.4945495011472,-2203.02373282504,-11024.9607356378,-11016.9607356378,-11016.9205346327,-11009.499577766399,-10997.329714521798,1.125
6,mandelbrot,halley,5000,Kw-CWG,0.83761981781795 0.731614206144073 1042.90197010796 12.1903080222131 3.04472193898209,-1909.3657079799102,-10750.9422298763,-10740.9422298763,-10740.8818677033,-10731.6157825372,-10716.4034534814,31.77747599135529
7,mandelbrot,halley,5000,G.Gamma,0.0023444738641003 1.65176183473255 1.924399994585,-2117.5355268406,-10587.677634203,-10581.677634203,-10581.6535378175,-10576.0817657995,-10566.9543683661,0.13688888889036802
8,mandelbrot,halley,5000,E.Weibull,1.48137572061742 0.00215023872871029 3.3461556242173,-2141.3056813698604,-10706.5284068493,-10700.5284068493,-10700.5043104638,-10694.932538445799,-10685.8051410124,0.256888888888406
0,dijkstra,halley,1M,Gamma,2 0.00417522117328309,-1553.82992935366,-7769.48486953178,-7765.48486953178,-7765.47283342346,-7761.754290596121,-7755.669358973821,0.11541666666986801
1,dijkstra,halley,1M,Weibull,1.40789930112514 0.00923988037262138,-1548.09457660521,-7743.52532458583,-7739.52532458583,-7739.513288477509,-7735.794745650171,-7729.7098140278695,0.0992666666677299
2,dijkstra,halley,1M,Normal,0.00835044234656618 0.00645724505751663,-1439.54222754806,-7247.204140227091,-7243.204140227091,-7243.192104118771,-7239.473561291429,-7233.38862966913,0.0278888888876989
3,dijkstra,halley,1M,T.Normal,-0.00189588021279521 0.0112467303247601,-1526.8787588971802,-7651.545544540121,-7647.545544540121,-7647.53350843179,-7643.81496560445,-7637.7300339821495,0.11211111111171901
4,dijkstra,halley,1M,Lognormal,-5.07243345812573 0.810768820826178,-1543.44047427031,-7726.53506018168,-7722.53506018168,-7722.523024073359,-7718.80448124602,-7712.719549623721,0.0155555555571078
5,dijkstra,halley,1M,OLL-GG,0.00521376034402845 1.22998215581935 1.79611501342011 0.79338435189135,-1549.74581287448,-7763.43362925354,-7755.43362925354,-7755.39342824851,-7747.97247138221,-7735.80260813761,1.08493749999798
6,dijkstra,halley,1M,Kw-CWG,1 0.243291744379284 269.179712403046 11.374345395785 49.3688006556386,-1554.07611497392,-7776.82967116861,-7766.82967116861,-7766.76930899557,-7757.50322382945,-7742.2908947737,37.067114772461444
7,dijkstra,halley,1M,G.Gamma,0.00469486063281641 1.01307804492854 1.84050491333287,-1553.9230734953,-7769.8249619115,-7763.8249619115,-7763.800865525959,-7758.229093508001,-7749.101696074549,0.13437037036917998
8,dijkstra,halley,1M,E.Weibull,1.01444244372545 0.00571257871012646 1.99346837358331,-1554.1843254426901,-7772.38479165899,-7766.38479165899,-7766.360695273441,-7760.788923255491,-7751.661525822041,0.251592592592243
0,sqldbHD,lasdpc,300,Gamma,10.1663110991852 0.035100358122317,-318.112792369503,-1609.51068522039,-1605.51068522039,-1605.4986491120599,-1601.7801062847197,-1595.69517466242,0.0540666666667676
1,sqldbHD,lasdpc,300,Weibull,4.02007030180312 0.392500678705087,-354.221004803042,-1775.2043912806798,-1771.2043912806798,-1771.1923551723498,-1767.4738123450102,-1761.3888807227102,0.0712380952401353
2,sqldbHD,lasdpc,300,Normal,0.356805626331842 0.097747624487763,-361.266993393385,-1812.87066816607,-1808.87066816607,-1808.85863205775,-1805.1400892304102,-1799.05515760811,0.00533333333441988
3,sqldbHD,lasdpc,300,T.Normal,0.356755238775637 0.0978469654644521,-362.252044486092,-1813.13462698538,-1809.13462698538,-1809.1225908770498,-1805.4040480497101,-1799.3191164274103,0.0356666666646359
4,sqldbHD,lasdpc,300,Lognormal,-1.08055319642071 0.373451010791637,-246.671019257379,-1293.1692265249198,-1289.1692265249198,-1289.1571904165899,-1285.43864758925,-1279.3537159669502,0.007333333334018891
5,sqldbHD,lasdpc,300,OLL-GG,0.607775012871049 39.538696782794 0.0342133014514105 2.05696100200084,-358.51188688531096,-1797.5474803479199,-1789.5474803479199,-1789.5072793429001,-1782.0863224766001,-1769.916459232,1.09950000000117
6,sqldbHD,lasdpc,300,Kw-CWG,0.0237564933928377 0.718111796153441 13.6130506614965 2.6137243287707 11.2417925353099,-358.480140619567,-1793.77566526243,-1783.77566526243,-1783.7153030893899,-1774.44921792327,-1759.2368888675198,0.9717816747730639
7,sqldbHD,lasdpc,300,G.Gamma,0.415231169522406 4.5444147780121 0.821624499723218,-353.921629513873,-1776.5942881151398,-1770.5942881151398,-1770.5701917295999,-1764.99841971165,-1755.8710222782001,0.0605185185176432
8,sqldbHD,lasdpc,300,E.Weibull,4.52951139450291 0.4093471654984 0.818266738427891,-351.02864634363294,-1776.9193406852899,-1770.9193406852899,-1770.89524429975,-1765.3234722818,-1756.19607484835,0.10233333333410499
0,sqldbHD,lasdpc,150,Gamma,8.11877444039225 0.0217156141881888,-561.670818324327,-2818.2135980177504,-2814.2135980177504,-2814.20156190943,-2810.48301908209,-2804.39808745979,0.0728666666681723
1,sqldbHD,lasdpc,150,Weibull,3.95330234367823 0.19338574964785,-621.008588389849,-3112.15499470531,-3108.15499470531,-3108.14295859698,-3104.4244157696503,-3098.33948414735,0.0233500000009371
2,sqldbHD,lasdpc,150,Normal,0.176088691412652 0.0496145160865837,-633.255004478915,-3169.09590451722,-3165.09590451722,-3165.0838684089003,-3161.3653255815602,-3155.2803939592604,0.0068888888894839
3,sqldbHD,lasdpc,150,T.Normal,0.176052306358971 0.0496960438881066,-632.636131996799,-3169.48615632331,-3165.48615632331,-3165.47412021498,-3161.75557738765,-3155.67064576535,0.0462222222219376
4,sqldbHD,lasdpc,150,Lognormal,-1.7993550224757 0.443078342857312,-459.699992305924,-2388.85286308575,-2384.85286308575,-2384.84082697742,-2381.12228415008,-2375.03735252778,0.00766666666539903
5,sqldbHD,lasdpc,150,OLL-GG,0.296304614544501 23.7074126578764 0.0600883393456936 1.923286887491,-632.120162708287,-3166.9498711315996,-3158.9498711315996,-3158.9096701265803,-3151.48871326027,-3139.3188500156703,1.14437499999985
6,sqldbHD,lasdpc,150,Kw-CWG,0.0108349138854669 0.965855333919344 17.9973127000245 1.57654894161411 9.32121021816925,-635.840525999564,-3184.40279151899,-3174.40279151899,-3174.3424293459498,-3165.0763441798304,-3149.86401512408,1.1384779526260829
7,sqldbHD,lasdpc,150,G.Gamma,0.229913877736198 6.61889799145325 0.459286666366952,-626.649886052916,-3144.70502073719,-3138.70502073719,-3138.68092435165,-3133.1091523336895,-3123.98175490024,0.0743703703709697
8,sqldbHD,lasdpc,150,E.Weibull,6.28127627109284 0.220437405559092 0.484843129442496,-627.5227494216649,-3144.92398586698,-3138.92398586698,-3138.89988948144,-3133.3281174634803,-3124.20072003003,0.18811111110995601
0,dijkstra,andromeda,1M,Gamma,20 0.000903549032530864,-1646.3003696667001,-8231.501848333492,-8227.501848333492,-8227.48981222517,-8223.77126939783,-8217.686337775529,0.110000000001552
1,dijkstra,andromeda,1M,Weibull,4.8701540244899 0.0194578076217402,-1642.45065731991,-8302.88345610637,-8298.88345610637,-8298.871419998051,-8295.152877170709,-8289.06794554841,0.0820000000006985
2,dijkstra,andromeda,1M,Normal,0.0180709806506173 0.00340194378244039,-1705.29763966786,-8529.93955359237,-8525.93955359237,-8525.92751748404,-8522.2089746567,-8516.124043034399,0.0325555555593585
3,dijkstra,andromeda,1M,T.Normal,0.0180709806506173 0.00340194378244039,-1705.12266771031,-8529.9396620463,-8525.9396620463,-8525.92762593797,-8522.20908311063,-8516.12415148833,0.146222222221291
4,dijkstra,andromeda,1M,Lognormal,-4.03831413083641 0.284728469823934,-1514.89694922078,-7751.193822341,-7747.193822341,-7747.18178623268,-7743.463243405341,-7737.378311783041,0.0204444444469926
5,dijkstra,andromeda,1M,OLL-GG,0.0642088035869206 4.11287234416871 0.144553661418783 8.18224162603812,-1715.85047134134,-8584.618679527059,-8576.618679527059,-8576.57847852204,-8569.157521655741,-8556.98765841114,1.5096874999990202
6,dijkstra,andromeda,1M,Kw-CWG,0.0237569388559059 1.82606559691028 128.864170071991 1.88881614970497 0.91673399246339,-1453.49260965552,-8606.89061413812,-8596.89061413812,-8596.830251965079,-8587.56416679896,-8572.35183774321,42.954110810811834
7,dijkstra,andromeda,1M,G.Gamma,0.0129639220628824 2.98547545632115 3.01364763131714,-1679.8555724077498,-8407.72006969631,-8401.72006969631,-8401.69597331077,-8396.124201292809,-8386.99680385936,0.140384615383832
8,dijkstra,andromeda,1M,E.Weibull,3.35169488541927 0.0159097277126437 2.79678607026706,-1681.64063807594,-8418.379392195551,-8412.379392195551,-8412.35529581001,-8406.78352379205,-8397.656126358599,0.236814814814823
0,mandelbrot,halley,10000,Gamma,5 0.000943491628000367,-1949.42850852113,-9747.142542605641,-9743.142542605641,-9743.13050649731,-9739.41196366997,-9733.327032047671,0.0913333333320528
1,mandelbrot,halley,10000,Weibull,2.57577836195149 0.00530087471298538,-1955.3951402323,-9778.76502755082,-9774.76502755082,-9774.75299144249,-9771.03444861515,-9764.94951699285,0.0701111111120554
2,mandelbrot,halley,10000,Normal,0.00471745814000183 0.0017805517178426,-1964.15012586163,-9824.78695131017,-9820.78695131017,-9820.77491520184,-9817.0563723745,-9810.9714407522,0.0306666666615961
3,mandelbrot,halley,10000,T.Normal,0.00471682597559179 0.00182182843257321,-1966.3814953736103,-9833.35450368754,-9829.35450368754,-9829.34246757922,-9825.62392475188,-9819.53899312958,0.10655555555584001
4,mandelbrot,halley,10000,Lognormal,-5.44449755776053 0.498920256246637,-1883.6875326292397,-9441.738309110591,-9437.738309110591,-9437.72627300226,-9434.00773017492,-9427.922798552621,0.0177777777797827
5,mandelbrot,halley,10000,OLL-GG,0.0202661955250011 1.70029542031939 0.308590584902512 5.49057555284827,-2014.64691753478,-10079.8078938243,-10071.8078938243,-10071.767692819201,-10064.3467359529,-10052.1768727083,1.1709375000009499
6,mandelbrot,halley,10000,Kw-CWG,0.550122927328359 1.00319752015772 255.300893776919 3.66233517140019 5.62405578844055,-1754.55251334191,-9862.395261780799,-9852.395261780799,-9852.334899607758,-9843.06881444164,-9827.856485385892,29.541482520064264
7,mandelbrot,halley,10000,G.Gamma,0.00393054753087101 1.98322926149406 1.73839821151311,-1962.8757947338001,-9814.37897366898,-9808.37897366898,-9808.354877283442,-9802.783105265491,-9793.65570783204,0.146925925927698
8,mandelbrot,halley,10000,E.Weibull,2.05147520823713 0.00423706088356222 1.89075705651181,-1966.4546647741897,-9832.273323870959,-9826.273323870959,-9826.24922748542,-9820.67745546747,-9811.55005803402,0.282333333333588
0,sqldbSSD,halley,300,Gamma,1.87250251182033 0.04966436396675,-573.616198012007,-2945.11045438341,-2941.11045438341,-2941.09841827508,-2937.37987544774,-2931.29494382544,0.0632727272723886
1,sqldbSSD,halley,300,Weibull,1.00105356432812 0.0930782937183502,-515.187609063465,-2750.12527022397,-2746.12527022397,-2746.11323411565,-2742.3946912883102,-2736.30975966601,0.0305000000043947
2,sqldbSSD,halley,300,Normal,0.0930088620738524 0.290489646685602,96.54507202838292,365.498424622851,369.498424622851,369.510460731176,373.229003558515,379.31393518081495,0.00477777777673004
3,sqldbSSD,halley,300,T.Normal,-5.08242054007381 0.622671709073644,-656.405260342487,-3282.02630171243,-3278.02630171243,-3278.0142656041103,-3274.29572277677,-3268.2107911544704,0.116222222222455
4,sqldbSSD,halley,300,Lognormal,-2.66513985327309 0.466353167810441,-790.714307248152,-4018.0291663290504,-4014.0291663290504,-4014.01713022073,-4010.29858739339,-4004.21365577109,0.00866666666600698
5,sqldbSSD,halley,300,OLL-GG,0.979445182739431 0.0583196230683955 1.16882425357113 56.6058940738886,-890.858777300786,-4457.07980865671,-4449.07980865671,-4449.03960765168,-4441.61865078538,-4429.448787540779,1.02192307692335
6,sqldbSSD,halley,300,Kw-CWG,1 0.283226543608009 7526.55426956848 500.711621144094 2.41697692299325,-826.897464370226,-4135.00549069875,-4125.00549069875,-4124.94512852571,-4115.67904335959,-4100.46671430384,0.9711568240872035
7,sqldbSSD,halley,300,G.Gamma,0.00127153301712862 0.526832353348195 8.67905243129434,-717.562077743698,-3587.89542572098,-3581.89542572098,-3581.87132933544,-3576.29955731748,-3567.1721598840295,0.09607407407235799
8,sqldbSSD,halley,300,E.Weibull,0.567604678600793 0.00572517020400985 45.1716068598579,-769.4819017301489,-3983.0477189784497,-3977.0477189784497,-3977.0236225928998,-3971.4518505749497,-3962.3244531415003,0.19992592592758202
0,sqldbHD,halley,150,Gamma,5.98766620555419 0.173410551311173,201.98201409645,1007.09805853994,1011.09805853994,1011.1100946482599,1014.8286374756,1020.9135690978999,0.0520000000028328
1,sqldbHD,halley,150,Weibull,2.71818116201061 1.16350260438081,201.816559137146,989.030636808654,993.030636808654,993.0426729169791,996.761215744319,1002.8461473666199,0.0273333333337048
2,sqldbHD,halley,150,Normal,1.03830121503688 0.398337274808748,200.236610767268,996.961835426651,1000.9618354266499,1000.97387153498,1004.6924143623199,1010.77734598462,0.0048888888882680104
3,sqldbHD,halley,150,T.Normal,1.03176111555656 0.406773287963881,199.41975040913502,986.8570325700841,990.8570325700841,990.869068678409,994.587611505748,1000.6725431280499,0.0204444444437589
4,sqldbHD,halley,150,Lognormal,-0.0482198847323354 0.456636919182759,238.700393414571,1173.70146019216,1177.70146019216,1177.71349630048,1181.43203912782,1187.51697075012,0.00666666666479109
5,sqldbHD,halley,150,OLL-GG,2.73830613678255 2.6601749231522 0.294846103591178 2.88303877450154,462.899607217388,952.834083417088,960.834083417088,960.8742844221131,968.295241288416,980.4651045330161,0.9333750000023431
6,sqldbHD,halley,150,Kw-CWG,0.0245496112797774 0.712008974842664 6.48217013669483 1.95780970945498 2.11806103208364,189.89796407778198,943.195272581298,953.195272581298,953.255634754337,962.521719920459,977.734048976209,0.9411639910821047
7,sqldbHD,halley,150,G.Gamma,0.822663623484888 1.97380896330752 1.8069838568688,199.098982780199,970.951984281842,976.951984281842,976.976080667384,982.547852685338,991.675250118788,0.03814814814810501
8,sqldbHD,halley,150,E.Weibull,2.12407206331324 0.970940497513773 1.6637549914754,197.669124167332,970.013841971771,976.013841971771,976.0379383573129,981.609710375267,990.737107808717,0.0644444444430216
0,dijkstra,andromeda,2M,Gamma,20 0.00180117179058415,-1425.24205410059,-7126.294849506829,-7122.294849506829,-7122.2828133984995,-7118.56427057116,-7112.47933894886,0.124066666665991
1,dijkstra,andromeda,2M,Weibull,5.85716630497205 0.0381324013890838,-1452.93571417051,-7345.10337976703,-7341.10337976703,-7341.0913436587,-7337.37280083136,-7331.287869209059,0.0981875000024957
2,dijkstra,andromeda,2M,Normal,0.0360234358116829 0.00521197588176127,-1533.8987971724698,-7676.71542793938,-7672.71542793938,-7672.70339183105,-7668.984849003709,-7662.89991738141,0.0302222222235287
3,dijkstra,andromeda,2M,T.Normal,0.0360234358116829 0.00521197588176127,-1531.2160053604598,-7676.715427944159,-7672.715427944159,-7672.703391835841,-7668.9848490085,-7662.8999173862,0.156111111112599
4,dijkstra,andromeda,2M,Lognormal,-3.34122763212482 0.261470061544849,-1053.1819194540599,-6527.45363810646,-6523.45363810646,-6523.44160199814,-6519.723059170799,-6513.6381275485,0.0204444444453758
5,dijkstra,andromeda,2M,OLL-GG,0.0960727269127356 4.09977117529338 0.191119339737374 8.59551907130571,-1558.79376418948,-7800.06088411832,-7792.06088411832,-7792.020683113299,-7784.599726246999,-7772.4298630023995,1.8818749999973101
6,dijkstra,andromeda,2M,Kw-CWG,0.0860722121239163 2.99441904889623 42.9145352211624 2.32770122978618 0.865248148571057,-1283.25603308765,-7750.99102104178,-7740.99102104178,-7740.9306588687405,-7731.664573702621,-7716.45224464687,44.91496169603922
7,dijkstra,andromeda,2M,G.Gamma,0.0268054399267208 3.63172420183649 3.24477235558147,-1493.59414174056,-7494.98995328655,-7488.98995328655,-7488.96585690101,-7483.394084883059,-7474.266687449609,0.12222222222071301
8,dijkstra,andromeda,2M,E.Weibull,4.23278997623895 0.0325728821809961 2.80655668971974,-1497.48243419496,-7510.4387039636795,-7504.4387039636795,-7504.41460757813,-7498.842835560179,-7489.71543812673,0.22748148148012803
0,dijkstra,halley,2M,Gamma,2.13701141719587 0.00487641056950333,-1479.43675828339,-7402.35851056693,-7398.35851056693,-7398.34647445861,-7394.627931631271,-7388.54300000897,0.11975000000044599
1,dijkstra,halley,2M,Weibull,1.4491749373616 0.0115625528617399,-1465.2026281474402,-7347.87527840442,-7343.87527840442,-7343.8632422961,-7340.144699468759,-7334.05976784646,0.0935294117636444
2,dijkstra,halley,2M,Normal,0.0104214939599197 0.00815453466105988,-1343.84282462375,-6781.485146255611,-6777.485146255611,-6777.47311014729,-6773.75456731995,-6767.66963569765,0.0252222222221058
3,dijkstra,halley,2M,T.Normal,-0.00387461522350916 0.0146908598080968,-1428.8053998426599,-7201.139136524351,-7197.139136524351,-7197.12710041603,-7193.40855758869,-7187.32362596639,0.10033333333558399
4,dijkstra,halley,2M,Lognormal,-4.81431783820285 0.748812592663776,-1473.40986414445,-7369.29455678616,-7365.29455678616,-7365.28252067783,-7361.563977850491,-7355.479046228191,0.0134444444459708
5,dijkstra,halley,2M,OLL-GG,0.0113568066697727 0.942275295865931 1.1028196526677 1.65124347185515,-1478.80354843837,-7398.07526457182,-7390.07526457182,-7390.035063566791,-7382.614106700491,-7370.444243455891,1.15656249999847
6,dijkstra,halley,2M,Kw-CWG,1 0.351285660237836 217.029159057653 8.86905355926471 13.4461396790392,-1482.50125670383,-7417.186530461709,-7407.186530461709,-7407.126168288671,-7397.86008312255,-7382.6477540668,27.64762951410149
7,dijkstra,halley,2M,G.Gamma,0.0056978561631347 1.03645555677191 1.89693727578326,-1479.32512073146,-7397.957114773841,-7391.957114773841,-7391.933018388291,-7386.36124637034,-7377.233848936891,0.13074074074069802
8,dijkstra,halley,2M,E.Weibull,0.994851966069529 0.00633828615266218 2.39334570037331,-1480.64419374136,-7407.07529616636,-7401.07529616636,-7401.051199780821,-7395.479427762859,-7386.352030329409,0.294814814815052
